[{"date" : "202502271910","device" : "Cobas 8000","model" : "RC8000","serial" : "RC2587SRL2020","responsible" : "Maria Antonieta de las Nieves","profession" : "Bacterióloga","ips" : "Clínica Siempre Viva","id" : "1234567890","Pname" : "Pedro Pablo","Plastname" : "Pérez Perea","gender" : "Masculino","age" : 23,"test" : {"HDL" : 70,"LDL" : 50,"TRIG" : 110},"physician" : "Dr. Jose Obdulio","specialty" : "Nutrición","admission" : "Ambulatorio","dx" : "Esguince de rodilla","Comorbilidades" : ["Diabete Tipo I" , "Hipertiroidismo"]}]